tau,tpr,fpr
0.0,0.05,0.0019255455712451862
8.268188152493648e-05,0.075,0.0019255455712451862
0.010917974169535946,0.075,0.003209242618741977
0.012565989558285319,0.075,0.004492939666238768
0.013101569003443137,0.075,0.005134788189987163
0.01320078726127306,0.075,0.005776636713735558
0.02233249509540075,0.075,0.006418485237483954
0.02305247446581755,0.1,0.006418485237483954
0.023099640396086325,0.1,0.007060333761232349
0.02348396372782126,0.1,0.00834403080872914
0.026203138006886274,0.125,0.012836970474967908
0.03649920977711057,0.125,0.013478818998716302
0.03667122447627166,0.125,0.014120667522464698
0.03964777497634811,0.125,0.014762516046213094
0.03990056311792404,0.125,0.01540436456996149
0.04477854398722917,0.125,0.016046213093709884
0.04534945360996214,0.125,0.01668806161745828
0.046152252184851805,0.125,0.017329910141206675
0.04959947323147821,0.125,0.01797175866495507
0.05016499615053294,0.15,0.01797175866495507
0.054031566230233925,0.175,0.01797175866495507
0.05636151294677103,0.175,0.018613607188703467
0.05711682711124221,0.175,0.019255455712451863
0.059207111942505324,0.2,0.019255455712451863
0.0633065031938878,0.2,0.01989730423620026
0.06444567696814078,0.2,0.02053915275994865
0.06596926700055973,0.2,0.021181001283697046
0.06796217732362968,0.2,0.021822849807445442
0.0683503167972389,0.2,0.022464698331193838
0.0708757463227953,0.2,0.023106546854942234
0.07138412792653867,0.2,0.02374839537869063
0.07211698026492495,0.2,0.024390243902439025
0.07290830520478417,0.2,0.02503209242618742
0.07371563574892737,0.2,0.02631578947368421
0.07431707298320285,0.2,0.026957637997432605
0.07536365113767673,0.2,0.027599486521181
0.07688724117009567,0.2,0.028241335044929396
0.0777286828607451,0.225,0.028241335044929396
0.07881759922000932,0.225,0.028883183568677792
0.07912418518954709,0.225,0.03080872913992298
0.07998070619624914,0.225,0.031450577663671375
0.08112411326543485,0.225,0.03273427471116817
0.0844856969299818,0.225,0.03337612323491656
0.08523504715273879,0.225,0.03401797175866496
0.08934745561747738,0.225,0.03465982028241335
0.09028996068635213,0.25,0.03465982028241335
0.09094505840360396,0.25,0.03530166880616174
0.09184810901896175,0.275,0.03530166880616174
0.09431545328637149,0.275,0.03594351732991014
0.09507555453542167,0.3,0.03594351732991014
0.09758726593342495,0.3,0.036585365853658534
0.09836060117694602,0.3,0.037227214377406934
0.09843075218316695,0.3,0.037869062901155326
0.09957072604540766,0.3,0.03915275994865212
0.1010672622620159,0.3,0.03979460847240052
0.10363646316445574,0.3,0.0410783055198973
0.10394556083752873,0.3,0.0417201540436457
0.10638415487789939,0.3,0.04236200256739409
0.10651031860076961,0.3,0.04300385109114249
0.10819725772028237,0.3,0.043645699614890884
0.11019828706876492,0.3,0.044287548138639284
0.11287487433692396,0.3,0.045571245186136075
0.11291239308861789,0.3,0.04621309370988447
0.11417191051787191,0.3,0.04685494223363286
0.11488467011403583,0.3,0.04749679075738126
0.11658380259827002,0.3,0.04813863928112965
0.11759794345572214,0.3,0.04878048780487805
0.11773527123069054,0.3,0.04942233632862644
0.11895014443618472,0.3,0.050706033376123234
0.1207301704187923,0.3,0.051347881899871634
0.12123686456572505,0.325,0.051347881899871634
0.12218370930218096,0.325,0.051989730423620026
0.12241145413852643,0.325,0.055198973042362
0.12286679737741268,0.325,0.0558408215661104
0.12348387263438541,0.325,0.05648267008985879
0.12401826600983319,0.325,0.05712451861360719
0.12572692263567176,0.325,0.057766367137355584
0.12697478974756868,0.325,0.05840821566110398
0.12766098585347926,0.325,0.059050064184852376
0.12775632430436898,0.325,0.05969191270860077
0.12929031178412806,0.325,0.06033376123234917
0.13446059160939286,0.325,0.06097560975609756
0.13521457813940096,0.325,0.06161745827984596
0.136319472292654,0.35,0.06290115532734275
0.1359036952400126,0.325,0.06290115532734275
0.1373145280729108,0.35,0.06354300385109114
0.1383718730029694,0.35,0.06675224646983312
0.13911104404084676,0.375,0.06675224646983312
0.13976989020157765,0.375,0.06739409499358151
0.14089745766301956,0.375,0.06803594351732992
0.14094296327630265,0.375,0.06867779204107831
0.14215626239082602,0.375,0.0693196405648267
0.1453785657789288,0.375,0.0699614890885751
0.14679303967484372,0.375,0.07060333761232349
0.14723463540244136,0.375,0.07124518613607189
0.14842617178941553,0.375,0.07188703465982028
0.15029938357240072,0.375,0.07252888318356868
0.15119344368376167,0.375,0.07317073170731707
0.152321099735592,0.4,0.07317073170731707
0.15548496069538642,0.4,0.07381258023106547
0.1557848301922649,0.4,0.07445442875481387
0.15683114959866282,0.4,0.07509627727856226
0.15784737444906158,0.4,0.07573812580231065
0.15945268706729626,0.4,0.07637997432605904
0.15956256858128337,0.4,0.07702182284980745
0.15960221264720745,0.4,0.07766367137355584
0.16042429970086824,0.4,0.07830551989730423
0.1613291761574589,0.4,0.07894736842105263
0.1629647097735756,0.4,0.07958921694480103
0.16312323643657128,0.4,0.08023106546854943
0.1631232364365713,0.4,0.08087291399229782
0.16408038277054376,0.4,0.08151476251604621
0.16433633592328797,0.4,0.0821566110397946
0.16687987791123668,0.4,0.08279845956354301
0.16796525760752448,0.4,0.0834403080872914
0.16874923915180354,0.4,0.0840821566110398
0.1688129462766262,0.425,0.0840821566110398
0.16881453533257654,0.45,0.0840821566110398
0.17003308668461398,0.45,0.08472400513478819
0.17082983184604017,0.45,0.08536585365853659
0.1719699898554401,0.475,0.08536585365853659
0.17235342187845912,0.475,0.08600770218228498
0.17314843312746492,0.475,0.08664955070603338
0.17456843033443867,0.475,0.08729139922978177
0.17504624613549855,0.5,0.08729139922978177
0.18070122786110224,0.5,0.08793324775353016
0.18286159243329717,0.5,0.08857509627727857
0.1867668746754797,0.5,0.09050064184852374
0.18710497661109135,0.525,0.09050064184852374
0.1884140031589184,0.525,0.09114249037227215
0.18853979109948646,0.525,0.09178433889602054
0.18994216610070375,0.525,0.09242618741976893
0.19151542682185965,0.525,0.09306803594351733
0.194063165569715,0.525,0.09370988446726572
0.19408749140092585,0.525,0.09435173299101413
0.19448295790106512,0.525,0.09499358151476252
0.19471292287461953,0.525,0.09563543003851091
0.1955278581191603,0.525,0.0962772785622593
0.19606842345092612,0.55,0.0962772785622593
0.1985697873697557,0.55,0.09691912708600771
0.1999096559517943,0.55,0.0975609756097561
0.19991151042484634,0.55,0.0982028241335045
0.2007888461626882,0.55,0.09884467265725289
0.2021990411266505,0.55,0.09948652118100128
0.20350236892228243,0.55,0.10012836970474968
0.2041577663594229,0.55,0.10077021822849808
0.20635950818407708,0.55,0.10141206675224647
0.20758452690450824,0.55,0.10269576379974327
0.2082553123080927,0.55,0.10333761232349166
0.21058183021040933,0.55,0.10397946084724005
0.2109220802141614,0.55,0.10462130937098844
0.21130787056187308,0.55,0.10526315789473684
0.2118513595300878,0.55,0.10590500641848524
0.2165857134272077,0.55,0.10654685494223363
0.21854635407652215,0.575,0.10654685494223363
0.21944147223743662,0.575,0.10718870346598203
0.21963911639360095,0.575,0.10783055198973042
0.22128995706485596,0.575,0.10847240051347883
0.2275901319097243,0.575,0.10911424903722722
0.2276359946382151,0.575,0.10975609756097561
0.23056996985809564,0.575,0.110397946084724
0.23098591901403945,0.6,0.110397946084724
0.23123936907281387,0.6,0.1110397946084724
0.2336019061395455,0.6,0.1116816431322208
0.23432063757730429,0.6,0.1123234916559692
0.23540268970867786,0.6,0.11296534017971759
0.2370714141083182,0.6,0.11553273427471117
0.23912539285122233,0.6,0.11617458279845956
0.24086009582263257,0.6,0.11681643132220795
0.24227401319207978,0.6,0.11745827984595636
0.24419796555957,0.6,0.11810012836970475
0.24525360499263696,0.6,0.11874197689345314
0.2452628777386429,0.6,0.12002567394094994
0.24658043458175197,0.625,0.12002567394094994
0.24694147720935225,0.625,0.12066752246469833
0.24831635247144454,0.625,0.12130937098844673
0.24837865450698415,0.625,0.12195121951219512
0.2513090963646027,0.625,0.12259306803594351
0.25274897396040596,0.65,0.12259306803594351
0.2550735057573014,0.65,0.12387676508344031
0.2565992093542589,0.65,0.1245186136071887
0.2592950622040239,0.65,0.1251604621309371
0.25976288406037884,0.65,0.1258023106546855
0.2610519245924683,0.65,0.12644415917843388
0.26235915201437754,0.65,0.12708600770218229
0.26237364366052307,0.65,0.1277278562259307
0.2639025271599616,0.65,0.12836970474967907
0.2655848693131745,0.65,0.12901155327342748
0.2656163407722907,0.65,0.12965340179717585
0.2709848933916517,0.65,0.13029525032092426
0.2727866841903936,0.65,0.13093709884467267
0.2733891173536362,0.65,0.13157894736842105
0.27366927066166374,0.65,0.13222079589216945
0.27550527823815685,0.65,0.13286264441591783
0.27654375838326045,0.65,0.13350449293966624
0.2765862581811232,0.65,0.13543003851091143
0.27660757576131223,0.65,0.13607188703465983
0.2785893617843611,0.65,0.1367137355584082
0.27940117659674585,0.65,0.13735558408215662
0.2803408861661151,0.65,0.137997432605905
0.2824024822151962,0.65,0.1386392811296534
0.2833357924107267,0.65,0.1392811296534018
0.2836087340494689,0.65,0.1399229781771502
0.28607548371344127,0.65,0.1405648267008986
0.28635276371823865,0.65,0.14120667522464697
0.28697113028184573,0.65,0.14184852374839538
0.28849839174223185,0.65,0.14249037227214378
0.2888929871636459,0.65,0.14313222079589216
0.2900402449742479,0.65,0.14377406931964057
0.2913019018959962,0.65,0.14441591784338895
0.2913046712463472,0.675,0.14441591784338895
0.29294579589515396,0.675,0.14505776636713735
0.29319445697122926,0.675,0.14569961489088576
0.2938533919827762,0.675,0.14634146341463414
0.2942419931436816,0.675,0.14698331193838254
0.29556821600458133,0.675,0.14762516046213095
0.2961192692553541,0.675,0.14890885750962773
0.29662087808809773,0.675,0.1495507060333761
0.29771727419670624,0.675,0.15019255455712452
0.29798248068234834,0.7,0.15083440308087293
0.29774766056389995,0.675,0.15083440308087293
0.29837870778682674,0.7,0.1514762516046213
0.2997568593500181,0.725,0.1514762516046213
0.3003399817257196,0.725,0.1521181001283697
0.301785191023025,0.725,0.1527599486521181
0.3023860466261202,0.725,0.1534017971758665
0.3030719549638487,0.725,0.1540436456996149
0.30382346078280653,0.725,0.15468549422336328
0.30636852087724864,0.725,0.15532734274711169
0.30648253053385405,0.725,0.15596919127086006
0.30672328033868346,0.725,0.15661103979460847
0.3089479208834087,0.75,0.15661103979460847
0.30930944364613755,0.75,0.15725288831835688
0.3104621941204437,0.75,0.15789473684210525
0.3111210682491202,0.75,0.15853658536585366
0.31225310997426287,0.75,0.15917843388960207
0.3128338709761876,0.75,0.15982028241335045
0.31356706479676466,0.75,0.16046213093709885
0.31385702216167266,0.75,0.16110397946084723
0.3159949118460293,0.775,0.16110397946084723
0.3168191311701538,0.8,0.16110397946084723
0.31860387702958876,0.825,0.16110397946084723
0.3195396645481349,0.825,0.16174582798459564
0.3209611824461261,0.825,0.16238767650834404
0.3219721365836599,0.825,0.16302952503209242
0.32607327399668234,0.825,0.16367137355584083
0.32783848690886996,0.825,0.1643132220795892
0.3290431350345246,0.825,0.1649550706033376
0.3303964647620514,0.825,0.16559691912708602
0.3313056154314335,0.825,0.1662387676508344
0.33294427720007586,0.825,0.1668806161745828
0.3334980672167527,0.825,0.16752246469833118
0.3341822807639887,0.825,0.1681643132220796
0.3345904200209821,0.825,0.168806161745828
0.33464879019935034,0.825,0.16944801026957637
0.334718840671808,0.825,0.17008985879332478
0.3349508240451236,0.825,0.17073170731707318
0.33541693745191575,0.825,0.17137355584082156
0.3361748915356227,0.825,0.17201540436456997
0.3364338919587306,0.825,0.17265725288831835
0.33747251132775435,0.825,0.17329910141206675
0.3380326810764282,0.825,0.17394094993581516
0.33843885844573246,0.825,0.17458279845956354
0.3385916401952988,0.825,0.17522464698331194
0.3386895829767147,0.825,0.17586649550706032
0.3396738806385928,0.825,0.17650834403080873
0.33974716825312673,0.825,0.17715019255455713
0.33996508807211223,0.825,0.1777920410783055
0.3400181632534761,0.825,0.17843388960205392
0.34099186321222924,0.825,0.1790757381258023
0.34238237136944477,0.825,0.1797175866495507
0.3430509511912644,0.825,0.1803594351732991
0.3442878753517713,0.825,0.1810012836970475
0.3443626554631442,0.825,0.1816431322207959
0.3471879676891954,0.825,0.1822849807445443
0.3475425506018726,0.85,0.1822849807445443
0.3477338999191558,0.85,0.18292682926829268
0.3479708561433427,0.85,0.18356867779204109
0.3489415965090761,0.85,0.18421052631578946
0.3503938236719931,0.85,0.18485237483953787
0.3508922064474492,0.85,0.18549422336328628
0.35115072553361715,0.85,0.18613607188703465
0.3518473420779353,0.85,0.18677792041078306
0.35248451460118985,0.85,0.18741976893453144
0.35284340202568254,0.85,0.18806161745827984
0.354779723449644,0.85,0.18870346598202825
0.35574095558024427,0.85,0.18934531450577663
0.35691330041776415,0.875,0.18998716302952504
0.3561211357925193,0.85,0.18998716302952504
0.3584585933443496,0.875,0.19062901155327341
0.35929634215760287,0.875,0.19127086007702182
0.3601826954220957,0.875,0.19191270860077023
0.36057659094274164,0.875,0.1925545571245186
0.36096515563647613,0.875,0.193196405648267
0.36466841947081496,0.875,0.19383825417201542
0.3673341682893613,0.875,0.1944801026957638
0.3674313213160003,0.875,0.1951219512195122
0.3682356936977988,0.875,0.196405648267009
0.368369592029748,0.875,0.1970474967907574
0.3693928602610203,0.875,0.19768934531450577
0.3693950328715246,0.875,0.19833119383825418
0.3700141798713543,0.875,0.19897304236200256
0.3702175322743228,0.875,0.19961489088575096
0.371035586552176,0.875,0.20025673940949937
0.3711414037527102,0.875,0.20089858793324775
0.37213695492218796,0.875,0.20154043645699615
0.37215424206670233,0.875,0.20218228498074453
0.37469168607472597,0.875,0.20282413350449294
0.3747553924646976,0.875,0.20346598202824134
0.3749290756121524,0.875,0.20410783055198972
0.37539497782405906,0.875,0.20474967907573813
0.37565336216516415,0.875,0.20539152759948653
0.3764026662828426,0.875,0.2060333761232349
0.3775623304309441,0.875,0.20667522464698332
0.3791763771988626,0.875,0.2073170731707317
0.37939735726366663,0.875,0.2079589216944801
0.38043263988448106,0.875,0.2086007702182285
0.3819843965501758,0.875,0.2092426187419769
0.3821391986650388,0.875,0.2098844672657253
0.3821590872128369,0.875,0.21052631578947367
0.3821709410105426,0.875,0.21116816431322208
0.3821718933049193,0.875,0.21181001283697048
0.38239298508042774,0.875,0.21245186136071886
0.3823938420463999,0.875,0.21309370988446727
0.383112785206822,0.875,0.21373555840821565
0.3833996610764334,0.875,0.21437740693196405
0.38443267847248125,0.875,0.21501925545571246
0.3852013782214317,0.875,0.21566110397946084
0.38527447774434925,0.875,0.21630295250320924
0.3859726120543562,0.875,0.21694480102695765
0.3878660801995687,0.875,0.21758664955070603
0.3888016057812449,0.875,0.21822849807445444
0.3890589564308163,0.875,0.21887034659820281
0.3898407010858326,0.875,0.21951219512195122
0.3900847819539874,0.875,0.22015404364569963
0.39048550691167455,0.875,0.220795892169448
0.3904996594369055,0.875,0.2214377406931964
0.3920236121891774,0.875,0.2220795892169448
0.3920329175432385,0.875,0.2227214377406932
0.392233379323421,0.875,0.2233632862644416
0.3936072018546921,0.875,0.22400513478818998
0.3936141071089551,0.875,0.2246469833119384
0.3950140744804756,0.875,0.22528883183568676
0.3955292324698388,0.875,0.22593068035943517
0.39598787722345524,0.875,0.22657252888318358
0.39733886101629406,0.875,0.22721437740693196
0.3979076890536877,0.875,0.22785622593068036
0.4001739698436576,0.875,0.22849807445442877
0.40270774407252147,0.875,0.22913992297817715
0.40305468397571703,0.875,0.22978177150192555
0.4035153022266931,0.875,0.23042362002567393
0.4040145039438593,0.875,0.23106546854942234
0.4060635106698266,0.875,0.23170731707317074
0.4069304645660319,0.875,0.23234916559691912
0.40785814466759,0.875,0.23299101412066753
0.40913706935231237,0.875,0.2336328626444159
0.4101499203458636,0.875,0.2342747111681643
0.4114487364716605,0.875,0.23491655969191272
0.4115088936536084,0.875,0.2355584082156611
0.41181384894438117,0.875,0.2362002567394095
0.4119921132930663,0.875,0.23684210526315788
0.41266460096069196,0.875,0.2374839537869063
0.4128426538785784,0.875,0.2381258023106547
0.41368431593578825,0.875,0.23876765083440307
0.4137902819499287,0.875,0.23940949935815148
0.41620714878309983,0.875,0.24005134788189988
0.4163263926874944,0.875,0.24069319640564826
0.41660851406058425,0.9,0.24069319640564826
0.41688349287034043,0.9,0.24133504492939667
0.4171560637338229,0.9,0.24197689345314505
0.4171990084421667,0.9,0.24261874197689345
0.4192367330598724,0.9,0.24326059050064186
0.41950822486895606,0.9,0.24390243902439024
0.419630171334445,0.9,0.24454428754813864
0.4199692124744219,0.9,0.24518613607188702
0.42007387176803523,0.9,0.24582798459563543
0.42082016059762806,0.9,0.24646983311938384
0.4210271711142952,0.9,0.2471116816431322
0.4237691939912593,0.9,0.24775353016688062
0.42797202829516107,0.9,0.248395378690629
0.4292390003433497,0.9,0.2490372272143774
0.4318489724040388,0.9,0.2496790757381258
0.4319303930458016,0.9,0.2503209242618742
0.43291457911220416,0.9,0.25096277278562257
0.4333227858145435,0.925,0.25096277278562257
0.4335559450901961,0.925,0.251604621309371
0.43453618214677087,0.925,0.2522464698331194
0.4382706293187478,0.925,0.25288831835686776
0.43892787221225155,0.925,0.2535301668806162
0.43893730195367076,0.925,0.25417201540436457
0.43910872047169325,0.925,0.25481386392811295
0.440249252555598,0.925,0.2554557124518614
0.4410181267932263,0.925,0.25609756097560976
0.4426418229485412,0.925,0.25673940949935814
0.4427617204553405,0.925,0.2573812580231066
0.44489521723719594,0.925,0.25802310654685495
0.44571527478391654,0.925,0.25866495507060333
0.4469056645425767,0.925,0.2593068035943517
0.44749575068013253,0.925,0.25994865211810014
0.4488072359208605,0.925,0.2605905006418485
0.44946819098588425,0.925,0.2612323491655969
0.4500341921418032,0.925,0.26187419768934533
0.4513930797505766,0.925,0.2625160462130937
0.45335794817303643,0.925,0.2631578947368421
0.45399143563658073,0.925,0.2637997432605905
0.4541480475847602,0.925,0.2644415917843389
0.45421603394198684,0.925,0.2650834403080873
0.4546527600510003,0.925,0.26572528883183566
0.4552995911109828,0.925,0.2663671373555841
0.45551917043526907,0.925,0.26700898587933247
0.4575180475050765,0.925,0.26765083440308085
0.4582940721723606,0.925,0.2682926829268293
0.4586037674016112,0.925,0.26893453145057766
0.4586586378824879,0.925,0.26957637997432604
0.4611376487017682,0.925,0.2702182284980745
0.46163423987581415,0.925,0.27086007702182285
0.4616709475896938,0.925,0.27150192554557123
0.4619398246407778,0.925,0.27214377406931967
0.4625610287241534,0.925,0.27278562259306804
0.46311051973678846,0.925,0.2734274711168164
0.4636881845389597,0.925,0.2740693196405648
0.46386771863126003,0.925,0.27471116816431324
0.46485867986111584,0.925,0.2753530166880616
0.4650042633376302,0.925,0.27599486521181
0.46542789054362427,0.925,0.2766367137355584
0.4664195974913942,0.925,0.2772785622593068
0.46673197027679886,0.925,0.2779204107830552
0.4670571463918119,0.925,0.2785622593068036
0.4671190449535206,0.925,0.279204107830552
0.46727489498164776,0.925,0.2798459563543004
0.46788924190671316,0.925,0.2804878048780488
0.4680969688555807,0.925,0.2811296534017972
0.4681357071309442,0.925,0.28177150192554556
0.46816106958553877,0.925,0.28241335044929394
0.4687878638308516,0.925,0.2830551989730424
0.46942207997384555,0.925,0.28369704749679076
0.46983184415477386,0.925,0.28433889602053913
0.4705389969632743,0.925,0.28498074454428757
0.4721834707979278,0.925,0.28562259306803595
0.4745330706926218,0.925,0.2862644415917843
0.4747128553444295,0.925,0.28690629011553276
0.4748338819257875,0.925,0.28754813863928114
0.4754045548661182,0.925,0.2881899871630295
0.47629687532177983,0.925,0.2888318356867779
0.4774461932432083,0.925,0.2894736842105263
0.4776721004125617,0.925,0.2901155327342747
0.4784059311936398,0.925,0.2907573812580231
0.4787611397460814,0.925,0.2913992297817715
0.4790884451085479,0.95,0.2913992297817715
0.47997802345546203,0.975,0.2913992297817715
0.4802838357312747,0.975,0.2920410783055199
0.4810667558721393,0.975,0.2926829268292683
0.4811295811148324,0.975,0.2933247753530167
0.4814740610405092,0.975,0.2939666238767651
0.48241370909779635,0.975,0.29460847240051347
0.48258118389926824,0.975,0.2952503209242619
0.48280407339462766,0.975,0.2958921694480103
0.48335565808480707,0.975,0.29653401797175866
0.4836474796743242,0.975,0.29717586649550704
0.48390859445817647,0.975,0.29781771501925547
0.4843466626731761,0.975,0.29845956354300385
0.48436002897353153,0.975,0.2991014120667522
0.4849276727053913,0.975,0.29974326059050066
0.4862078907624026,0.975,0.30038510911424904
0.4865738904680236,0.975,0.3010269576379974
0.4881680171931997,0.975,0.30166880616174585
0.4883129900273661,0.975,0.30231065468549423
0.4885170037367583,0.975,0.3029525032092426
0.4906050053285986,0.975,0.30359435173299104
0.49128726301542275,0.975,0.3042362002567394
0.4914118091530983,0.975,0.3048780487804878
0.49153630786246183,0.975,0.3055198973042362
0.4919269209871775,0.975,0.3061617458279846
0.4921194985458734,0.975,0.306803594351733
0.49281740118777523,0.975,0.30744544287548137
0.4935232343534947,0.975,0.3080872913992298
0.49446142004484506,0.975,0.3087291399229782
0.495172352235973,0.975,0.30937098844672656
0.4953176024920831,0.975,0.310012836970475
0.49562510981486224,0.975,0.31065468549422337
0.49566779168773484,0.975,0.31129653401797175
0.4960428356651258,0.975,0.3119383825417201
0.4970711247332592,0.975,0.31258023106546856
0.49733101057822965,0.975,0.31322207958921694
0.49775922965773384,0.975,0.3138639281129653
0.4984070328717018,0.975,0.31450577663671375
0.49866384568598454,0.975,0.31514762516046213
0.4999925109158767,0.975,0.3157894736842105
0.5,0.975,0.3170731707317073
0.5002013821706909,0.975,0.3177150192554557
0.5006942230861664,0.975,0.31835686777920413
0.501193090854869,0.975,0.3189987163029525
0.5023662809784639,0.975,0.3196405648267009
0.5025819266814296,0.975,0.32028241335044927
0.5026288182587724,0.975,0.3209242618741977
0.5030055454968279,0.975,0.3215661103979461
0.5033858387302272,0.975,0.32220795892169446
0.5037929491546888,0.975,0.3228498074454429
0.5038053240418171,0.975,0.32349165596919127
0.5042557854783498,0.975,0.32413350449293965
0.5043461119075848,0.975,0.32541720154043646
0.5044181178940592,0.975,0.32605905006418484
0.5052044519212453,0.975,0.3267008985879333
0.5052260334544816,0.975,0.32734274711168165
0.5054252461828607,0.975,0.32798459563543003
0.5057753871383599,0.975,0.32926829268292684
0.5058279967926602,0.975,0.3299101412066752
0.5059952825707512,0.975,0.3305519897304236
0.5062026844307016,0.975,0.33119383825417203
0.5064865992893045,0.975,0.3318356867779204
0.5068182758015524,0.975,0.3324775353016688
0.5080637480584851,0.975,0.3337612323491656
0.508296814736257,0.975,0.334403080872914
0.5086153994492137,0.975,0.3356867779204108
0.5093456954572334,0.975,0.3363286264441592
0.5099787270996049,0.975,0.33697047496790755
0.5105265721725625,0.975,0.337612323491656
0.5111574894516161,0.975,0.33825417201540436
0.5120289360109904,0.975,0.33889602053915274
0.5133818164861202,0.975,0.3395378690629012
0.5143294978745037,0.975,0.34017971758664955
0.5150175851548078,0.975,0.34082156611039793
0.5152042028740975,0.975,0.34146341463414637
0.5152230321847454,0.975,0.34210526315789475
0.5154181934913701,0.975,0.3427471116816431
0.5159313752387751,0.975,0.3433889602053915
0.5161672054267227,0.975,0.34403080872913994
0.5162745612080357,0.975,0.3446726572528883
0.5163206308772272,0.975,0.3453145057766367
0.5178949193604129,0.975,0.3459563543003851
0.519139254222814,0.975,0.3465982028241335
0.5191905888081546,0.975,0.3472400513478819
0.5199538302812766,0.975,0.3478818998716303
0.519991013099052,0.975,0.3485237483953787
0.5225707411631955,0.975,0.3491655969191271
0.5229845030107041,0.975,0.3498074454428755
0.5231934372769336,0.975,0.3504492939666239
0.5235117319041211,0.975,0.35109114249037227
0.524261177918194,0.975,0.35173299101412064
0.5252976664498266,0.975,0.3523748395378691
0.526554066013119,0.975,0.35301668806161746
0.5284148551085426,0.975,0.35365853658536583
0.528946413631253,0.975,0.35430038510911427
0.5293377187541274,0.975,0.35494223363286265
0.5299030530379585,0.975,0.355584082156611
0.5299374283015318,0.975,0.35622593068035946
0.5299487875327166,0.975,0.35686777920410784
0.530313561272361,0.975,0.3575096277278562
0.5307135048606161,0.975,0.3581514762516046
0.5309627054532381,0.975,0.35879332477535303
0.5312763929198009,0.975,0.3594351732991014
0.5313315548027701,0.975,0.3600770218228498
0.5314332162782401,0.975,0.3607188703465982
0.5320756362569853,0.975,0.3613607188703466
0.5324597576836889,0.975,0.362002567394095
0.5327539225086079,0.975,0.3626444159178434
0.5327568598678482,0.975,0.3632862644415918
0.5334896964479018,0.975,0.36392811296534017
0.5335410437963316,0.975,0.365211810012837
0.534581255865745,0.975,0.36585365853658536
0.534787491032333,0.975,0.36649550706033374
0.5348138391533999,0.975,0.36713735558408217
0.535117771939045,0.975,0.36777920410783055
0.536059344414911,0.975,0.3684210526315789
0.5360894348760358,0.975,0.36906290115532736
0.5362821619691431,0.975,0.36970474967907574
0.5366963130290501,0.975,0.3703465982028241
0.5370425305564864,0.975,0.37098844672657255
0.5372261024999658,0.975,0.37163029525032093
0.537697968674856,0.975,0.37291399229781774
0.5388329532956362,0.975,0.3735558408215661
0.5393754195630034,0.975,0.3748395378690629
0.5394305127078368,0.975,0.3761232349165597
0.5409671436513342,0.975,0.37676508344030807
0.5411198220694635,0.975,0.3774069319640565
0.541512854874024,0.975,0.3780487804878049
0.5434053441181746,0.975,0.37869062901155326
0.5446803026249651,0.975,0.3793324775353017
0.5453120044923672,0.975,0.37997432605905007
0.5479348979245376,0.975,0.38061617458279845
0.548482338723813,0.975,0.38125802310654683
0.5485101340559002,0.975,0.38189987163029526
0.5494482397098359,0.975,0.38254172015404364
0.5498753099185543,0.975,0.383183568677792
0.5514687446048803,0.975,0.38382541720154045
0.5516735733596317,0.975,0.38446726572528883
0.5529626449036579,0.975,0.3851091142490372
0.5534233315983347,0.975,0.38575096277278564
0.5540441657740454,0.975,0.386392811296534
0.5545834799362195,0.975,0.3870346598202824
0.5546516930997314,0.975,0.38767650834403083
0.5556952879147492,0.975,0.3883183568677792
0.555995231781918,0.975,0.3889602053915276
0.5567512498635604,0.975,0.38960205391527597
0.5569010040831388,0.975,0.3902439024390244
0.5572014962977788,0.975,0.3908857509627728
0.5573186642953373,0.975,0.39152759948652116
0.5576815346546136,0.975,0.3921694480102696
0.557813487816043,0.975,0.392811296534018
0.558007949143114,0.975,0.39345314505776635
0.5582983571110574,0.975,0.3940949935815148
0.5595339684891467,0.975,0.39473684210526316
0.559810020076171,0.975,0.39537869062901154
0.5599608348994233,0.975,0.39602053915276
0.5600558076787935,0.975,0.39666238767650835
0.5602634934132265,0.975,0.39730423620025673
0.5607925123380381,0.975,0.3979460847240051
0.5613513206989377,0.975,0.39858793324775355
0.5623781933630556,0.975,0.3992297817715019
0.5624916539985205,0.975,0.3998716302952503
0.5626524008967787,0.975,0.40051347881899874
0.5629995497698607,0.975,0.4011553273427471
0.5634047770411831,0.975,0.4017971758664955
0.5635567991186033,0.975,0.4024390243902439
0.5640156083572331,0.975,0.4030808729139923
0.5645703503608508,0.975,0.4037227214377407
0.5653851436702223,0.975,0.40436456996148906
0.5664715862651558,0.975,0.4050064184852375
0.566686182807081,0.975,0.4056482670089859
0.5675952200412613,0.975,0.40629011553273425
0.5679024243040908,0.975,0.4069319640564827
0.5680004086782651,0.975,0.40757381258023107
0.5681542502063578,0.975,0.40821566110397944
0.5682205601958764,0.975,0.4088575096277279
0.5689626904850149,0.975,0.40949935815147626
0.5690946558699133,0.975,0.41014120667522463
0.5698618276961434,0.975,0.41078305519897307
0.5699519279956878,0.975,0.41142490372272145
0.5726300653037739,0.975,0.4120667522464698
0.5730587795063866,0.975,0.4127086007702182
0.5735606607308708,0.975,0.41335044929396664
0.5759513824213988,0.975,0.413992297817715
0.5765233942275813,0.975,0.4146341463414634
0.5778195311147832,0.975,0.41527599486521183
0.5785899845671768,0.975,0.4159178433889602
0.5794986551389931,0.975,0.4165596919127086
0.5797213288288205,0.975,0.417201540436457
0.580183276020733,0.975,0.4178433889602054
0.5808849896627124,0.975,0.4184852374839538
0.5815860314073688,0.975,0.4191270860077022
0.5817785195555395,0.975,0.4197689345314506
0.5820258841273814,0.975,0.42041078305519897
0.5826683002379686,0.975,0.42105263157894735
0.5826694244579053,0.975,0.4216944801026958
0.5827404769363173,0.975,0.42233632862644416
0.5834149074464235,0.975,0.42297817715019254
0.5836485602511224,0.975,0.42362002567394097
0.583862419557702,0.975,0.42426187419768935
0.5850599484259768,0.975,0.4249037227214377
0.5851622883520394,0.975,0.42618741976893454
0.5852233284491624,0.975,0.4268292682926829
0.5860424824297503,0.975,0.4274711168164313
0.5864627502481318,0.975,0.42811296534017973
0.5867326824239634,0.975,0.4287548138639281
0.5867668746754797,0.975,0.4293966623876765
0.5872115644761388,0.975,0.4300385109114249
0.5886441890528992,0.975,0.4306803594351733
0.5891909467761589,0.975,0.4313222079589217
0.5908205765771118,0.975,0.4319640564826701
0.5909074978960625,0.975,0.4326059050064185
0.5919577272043793,0.975,0.43324775353016687
0.5926328707391112,0.975,0.4338896020539153
0.5930033312780135,0.975,0.43517329910141206
0.5935191464524678,0.975,0.43581514762516044
0.5936420805447165,0.975,0.43645699614890887
0.5954123019313509,0.975,0.43709884467265725
0.5954372523105548,0.975,0.43774069319640563
0.5957220986281114,0.975,0.43838254172015406
0.5961236792385363,0.975,0.43902439024390244
0.596236122609012,0.975,0.4396662387676508
0.5980604797287634,0.975,0.44030808729139925
0.598926009053212,0.975,0.44094993581514763
0.5990587105652017,0.975,0.441591784338896
0.5999925109158767,0.975,0.4428754813863928
0.6008139802759235,0.975,0.4435173299101412
0.6015407695338609,0.975,0.4441591784338896
0.6017828322365147,0.975,0.444801026957638
0.6019710349526717,0.975,0.4454428754813864
0.6021653908802044,0.975,0.44608472400513477
0.6037334623284163,0.975,0.4467265725288832
0.6059795234324831,0.975,0.4473684210526316
0.6065603465880404,0.975,0.44801026957637996
0.6075957923216261,0.975,0.4486521181001284
0.6076786720688131,0.975,0.4492939666238768
0.6084184937624761,0.975,0.44993581514762515
0.6106416654857374,0.975,0.45057766367137353
0.6111793138335303,0.975,0.45121951219512196
0.6131281923305582,0.975,0.45186136071887034
0.6135098666669704,0.975,0.4525032092426187
0.6136185821879708,0.975,0.45314505776636715
0.6150714369604791,0.975,0.45378690629011553
0.6159950344976796,0.975,0.4544287548138639
0.6163520856795494,0.975,0.45507060333761234
0.6178021965481583,0.975,0.4557124518613607
0.618226398830014,0.975,0.4563543003851091
0.6187969142941596,0.975,0.45699614890885754
0.6191425170423264,0.975,0.4576379974326059
0.6194207870487222,0.975,0.4582798459563543
0.6200243550515104,0.975,0.45892169448010267
0.6240702778867003,0.975,0.4595635430038511
0.6245148747695483,0.975,0.4602053915275995
0.624865922642399,0.975,0.46084724005134786
0.6264835179488473,0.975,0.4614890885750963
0.6276585826828839,0.975,0.4621309370988447
0.62770049248647,0.975,0.46277278562259305
0.6297363123035256,0.975,0.4634146341463415
0.6309815408028052,0.975,0.46405648267008986
0.631434795410532,0.975,0.46469833119383824
0.6325246529327385,0.975,0.4653401797175867
0.6337589101847847,0.975,0.46598202824133506
0.6365188353408279,0.975,0.46662387676508343
0.6369405224313588,0.975,0.4672657252888318
0.6386648380563784,0.975,0.46790757381258025
0.6398438819093375,0.975,0.4685494223363286
0.6401838001632304,0.975,0.469191270860077
0.6422990274455465,0.975,0.46983311938382544
0.6430214689842667,0.975,0.4704749679075738
0.6431785524538104,0.975,0.4711168164313222
0.644186179602838,0.975,0.4730423620025674
0.6450012974118278,0.975,0.47368421052631576
0.6450015654393952,0.975,0.4743260590500642
0.6451943863115527,0.975,0.4749679075738126
0.6455939900907786,0.975,0.47560975609756095
0.6469828996639153,0.975,0.4762516046213094
0.6472905595320055,0.975,0.47689345314505777
0.6501776861658594,0.975,0.47753530166880614
0.6512099434418895,0.975,0.4781771501925546
0.65141468053763,0.975,0.47881899871630296
0.6515745311824492,0.975,0.47946084724005134
0.6520352323786625,0.975,0.48010269576379977
0.6521345253810575,0.975,0.48074454428754815
0.6527027966745924,0.975,0.4813863928112965
0.6548575458269756,0.975,0.4820282413350449
0.6551768437691917,0.975,0.48267008985879334
0.655219930326935,0.975,0.4833119383825417
0.6573057854143542,0.975,0.4839537869062901
0.6588937230630384,0.975,0.48459563543003853
0.6592675069011915,0.975,0.4852374839537869
0.6597419362184558,0.975,0.4858793324775353
0.6617509923314817,0.975,0.4865211810012837
0.6622556248918265,0.975,0.4890885750962773
0.6626621710165325,0.975,0.48973042362002567
0.6642607811359215,0.975,0.49037227214377405
0.664911189999463,0.975,0.4910141206675225
0.6655756025422959,0.975,0.49165596919127086
0.665626735623795,0.975,0.49229781771501924
0.6680695017336663,0.975,0.49293966623876767
0.6688745018625669,0.975,0.49358151476251605
0.6690204870090377,0.975,0.4942233632862644
0.6696823480279268,0.975,0.49486521181001286
0.6711457979116355,0.975,0.49550706033376124
0.6726173341228998,0.975,0.4961489088575096
0.673962629602296,0.975,0.496790757381258
0.6760959628719301,0.975,0.49743260590500643
0.6761932900899177,0.975,0.4980744544287548
0.6784810396529254,0.975,0.4987163029525032
0.6807653713923736,0.975,0.4993581514762516
0.6825954402662513,0.975,0.5
0.6830048678293551,0.975,0.5006418485237484
0.6835564609116205,0.975,0.5012836970474968
0.6848181421303079,0.975,0.5019255455712451
0.685532989454988,0.975,0.5025673940949936
0.6861853227901762,0.975,0.503209242618742
0.6871824890702725,0.975,0.5038510911424904
0.6878529047735117,0.975,0.5044929396662388
0.6885107137928836,0.975,0.5051347881899871
0.6893045793821851,0.975,0.5070603337612324
0.691120819558979,0.975,0.5077021822849808
0.6924846173356709,0.975,0.5089858793324775
0.6945223121285352,0.975,0.5096277278562259
0.6945966735347628,0.975,0.5102695763799743
0.6946574972999985,0.975,0.5115532734274711
0.6953789574889613,0.975,0.5121951219512195
0.6955807114375895,0.975,0.5128369704749679
0.6968412280100245,0.975,0.5134788189987163
0.6969893333144376,0.975,0.5141206675224647
0.6978742163192775,0.975,0.5147625160462131
0.6981563442750407,0.975,0.5154043645699615
0.6982709976920225,0.975,0.5160462130937099
0.6986385312245992,0.975,0.5166880616174583
0.6994486058144345,0.975,0.5173299101412067
0.6994593262258586,0.975,0.517971758664955
0.6999756045504988,0.975,0.5186136071887034
0.7004915597000763,0.975,0.5192554557124519
0.7016232837260783,0.975,0.5198973042362003
0.7028195311147832,0.975,0.5205391527599487
0.7040831079675971,0.975,0.521181001283697
0.7047305546040604,0.975,0.5218228498074454
0.7048193785657163,0.975,0.5224646983311938
0.7055822557227459,0.975,0.5231065468549422
0.7055947165759411,0.975,0.5237483953786907
0.7063321485064176,0.975,0.524390243902439
0.7078813635261332,0.975,0.5250320924261874
0.7081522884864461,0.975,0.5256739409499358
0.7093221687582268,0.975,0.5263157894736842
0.709926873102441,0.975,0.5269576379974326
0.71022732730167,0.975,0.527599486521181
0.7102771208895294,0.975,0.5282413350449294
0.7109958942248642,0.975,0.5288831835686778
0.713290166311999,0.975,0.5295250320924262
0.7169840404842934,0.975,0.5301668806161746
0.7190864797003202,0.975,0.5308087291399229
0.7211554817109864,0.975,0.5314505776636713
0.721724676013252,0.975,0.5320924261874198
0.7221165651214226,0.975,0.5327342747111682
0.722270402098755,0.975,0.5333761232349166
0.7228360147360318,0.975,0.5340179717586649
0.7231338135848354,0.975,0.5346598202824133
0.7245338098315284,0.975,0.5353016688061617
0.725229816420539,0.975,0.5359435173299102
0.7270886346413515,0.975,0.5365853658536586
0.7271605835951741,0.975,0.537227214377407
0.730272786475371,0.975,0.5378690629011553
0.731043215680577,0.975,0.5385109114249037
0.7317037889152642,0.975,0.5391527599486521
0.7319265930549823,0.975,0.5397946084724005
0.7322878781753996,0.975,0.540436456996149
0.7337200384705949,0.975,0.5410783055198973
0.7342957191877614,0.975,0.5417201540436457
0.7373997038446977,0.975,0.5423620025673941
0.7389611856254993,0.975,0.5430038510911425
0.7389799990881638,0.975,0.5436456996148908
0.7391201429374545,0.975,0.5455712451861361
0.7397802901297946,0.975,0.5462130937098845
0.7416804731222868,0.975,0.5468549422336328
0.7419144804854928,0.975,0.5474967907573812
0.7428856080547476,0.975,0.5481386392811296
0.7436187658960685,0.975,0.5487804878048781
0.7449346416980023,0.975,0.5494223363286265
0.7451327705066341,0.975,0.5500641848523748
0.7462698516265036,0.975,0.5507060333761232
0.748559164743352,0.975,0.55198973042362
0.7499342539033184,0.975,0.5526315789473685
0.7504981440806198,0.975,0.5532734274711169
0.7507320447076795,0.975,0.5545571245186136
0.7516040901032971,0.975,0.555198973042362
0.751705242156264,0.975,0.5590500641848524
0.7519987996254139,0.975,0.5596919127086007
0.7521794806676495,0.975,0.5603337612323491
0.7524190272339738,0.975,0.5609756097560976
0.7538976443606538,0.975,0.561617458279846
0.7558368096807367,0.975,0.5622593068035944
0.7560973548805899,0.975,0.5629011553273428
0.7586863849597524,0.975,0.5635430038510911
0.7587106616143952,0.975,0.5641848523748395
0.7596110108833384,0.975,0.5648267008985879
0.7601625752489156,0.975,0.5654685494223364
0.7618402065962584,0.975,0.5661103979460848
0.7626908080657024,0.975,0.5667522464698331
0.7627278067066723,0.975,0.5673940949935815
0.7641591054686799,0.975,0.5680359435173299
0.765415253399994,0.975,0.5686777920410783
0.7657128377334994,0.975,0.5693196405648266
0.7664509962083759,0.975,0.5699614890885751
0.7664948110373645,0.975,0.5706033376123235
0.7675862821026841,0.975,0.5750962772785623
0.7676321317094109,0.975,0.5757381258023107
0.7697290078264187,0.975,0.576379974326059
0.7699773247030774,0.975,0.5770218228498074
0.7700145869496676,0.975,0.5776636713735558
0.7705406548958338,0.975,0.5783055198973043
0.7739173164876957,0.975,0.5789473684210527
0.7743974703476992,0.975,0.5802310654685494
0.7750033383449181,0.975,0.5808729139922978
0.7751397348790171,0.975,0.5815147625160462
0.7756410080848971,0.975,0.5821566110397947
0.7756945730826977,0.975,0.582798459563543
0.777682665979289,0.975,0.5834403080872914
0.7820611824401753,0.975,0.5840821566110398
0.7831587835219586,0.975,0.5847240051347882
0.785611033556496,0.975,0.5853658536585366
0.788714386456744,0.975,0.5860077021822849
0.789570003265983,0.975,0.5866495507060334
0.7919024853902968,0.975,0.5872913992297818
0.7924373324033043,0.975,0.5879332477535302
0.7935876073829349,0.975,0.5885750962772786
0.7948441491593461,0.975,0.5892169448010269
0.7949007509242705,0.975,0.5898587933247753
0.7951603652218333,0.975,0.5905006418485238
0.7958856621799241,0.975,0.5911424903722722
0.7959813493318864,0.975,0.5917843388960206
0.7962145311263944,0.975,0.5924261874197689
0.8001288024946726,0.975,0.5930680359435173
0.8010986618403022,0.975,0.5937098844672657
0.801328991925128,0.975,0.5943517329910141
0.8021875673235763,0.975,0.5949935815147626
0.8022967824664425,0.975,0.5956354300385109
0.8049932735054938,0.975,0.5962772785622593
0.8055063736520566,0.975,0.5969191270860077
0.8056829143365922,0.975,0.5975609756097561
0.8060976244582345,0.975,0.5982028241335045
0.8087759340749123,0.975,0.5988446726572529
0.8089519633311927,0.975,0.5994865211810013
0.8109455169091598,1.0,0.5994865211810013
0.8115036542670965,1.0,0.6001283697047497
0.8119056405049196,1.0,0.6007702182284981
0.8141095731193456,1.0,0.6014120667522465
0.8142993662437681,1.0,0.6020539152759948
0.8154376850011527,1.0,0.6026957637997432
0.8158882437118008,1.0,0.6033376123234917
0.8160518435888277,1.0,0.6039794608472401
0.8169208683037379,1.0,0.6046213093709885
0.8169682688669679,1.0,0.6052631578947368
0.8172838632581115,1.0,0.6059050064184852
0.817408016354188,1.0,0.6065468549422336
0.817522849557319,1.0,0.6071887034659821
0.818719140723784,1.0,0.6078305519897305
0.819279882246763,1.0,0.6084724005134788
0.8193140967642327,1.0,0.6091142490372272
0.8197209341893152,1.0,0.6097560975609756
0.8244769502504198,1.0,0.610397946084724
0.8247392542564533,1.0,0.6110397946084724
0.8267224954876198,1.0,0.6116816431322208
0.8272140955568918,1.0,0.6123234916559692
0.8274287729134878,1.0,0.613607188703466
0.8291069248546872,1.0,0.6142490372272144
0.8294475175169987,1.0,0.6148908857509627
0.8317562975412773,1.0,0.616816431322208
0.8321235725069556,1.0,0.6174582798459564
0.8336751980224063,1.0,0.6181001283697047
0.8342064460094635,1.0,0.6187419768934531
0.8352477909912889,1.0,0.6193838254172015
0.8355639863876715,1.0,0.62002567394095
0.8359182259329214,1.0,0.6206675224646984
0.8360243024199777,1.0,0.6213093709884467
0.83611337583559,1.0,0.6219512195121951
0.8380173693562418,1.0,0.6225930680359435
0.8380635820640742,1.0,0.6232349165596919
0.8385770308828775,1.0,0.6238767650834403
0.8391110814042548,1.0,0.6245186136071887
0.8391419257599462,1.0,0.6251604621309371
0.8395157958699894,1.0,0.6264441591784339
0.8405514142202507,1.0,0.6270860077021823
0.8421837352432963,1.0,0.6277278562259306
0.8427516194454785,1.0,0.6290115532734275
0.8443609904062959,1.0,0.6296534017971759
0.8446958733715438,1.0,0.6322207958921694
0.844695873371544,1.0,0.6328626444159179
0.8462914423399264,1.0,0.6335044929396663
0.8463824488272378,1.0,0.6341463414634146
0.8466793780653505,1.0,0.634788189987163
0.8468363597332091,1.0,0.6354300385109114
0.8481342732465761,1.0,0.6360718870346598
0.8482695951955351,1.0,0.6367137355584083
0.8489539005008395,1.0,0.6373555840821566
0.8502859283614849,1.0,0.637997432605905
0.8513715060895919,1.0,0.6386392811296534
0.8539142457903193,1.0,0.6392811296534018
0.8539406311439179,1.0,0.6399229781771502
0.8543378432278255,1.0,0.6405648267008985
0.8559300090000858,1.0,0.641206675224647
0.8570603410553975,1.0,0.6424903722721438
0.8581953412750748,1.0,0.6431322207958922
0.8584585933443496,1.0,0.6444159178433889
0.8600187490498353,1.0,0.6450577663671374
0.8616327318779362,1.0,0.6456996148908858
0.8619430183307901,1.0,0.6501925545571245
0.8622556248918265,1.0,0.6508344030808729
0.8648975972236694,1.0,0.6521181001283697
0.865036579849316,1.0,0.6527599486521181
0.8651457507701849,1.0,0.6534017971758665
0.8651605654463598,1.0,0.6540436456996149
0.8665731458183292,1.0,0.6546854942233633
0.866862481275545,1.0,0.6553273427471117
0.8677671707668265,1.0,0.6559691912708601
0.8684980540556907,1.0,0.6566110397946084
0.8699955156703291,1.0,0.6572528883183568
0.8702704960485697,1.0,0.6578947368421053
0.8703716850458205,1.0,0.6585365853658537
0.8708160765913334,1.0,0.6591784338896021
0.8710374395191476,1.0,0.6598202824133504
0.8721912432433104,1.0,0.6604621309370988
0.8722564502876942,1.0,0.6611039794608472
0.8735081832680228,1.0,0.6630295250320924
0.8744508687887622,1.0,0.6636713735558408
0.8751653049287791,1.0,0.6643132220795892
0.8757566986972349,1.0,0.6649550706033376
0.8768863008681196,1.0,0.665596919127086
0.8786148693565212,1.0,0.6662387676508345
0.8786688664569056,1.0,0.6668806161745828
0.8787110714903849,1.0,0.6675224646983312
0.8791631204006716,1.0,0.668806161745828
0.879590899240737,1.0,0.6694480102695763
0.8810231675047474,1.0,0.6700898587933247
0.8810848528066672,1.0,0.6707317073170732
0.8812435676842814,1.0,0.6713735558408216
0.8817046428086419,1.0,0.67201540436457
0.882201885018099,1.0,0.6726572528883183
0.8834756642033423,1.0,0.6732991014120667
0.8837644318681757,1.0,0.6739409499358151
0.8848922284370364,1.0,0.6745827984595636
0.8849525152756584,1.0,0.675224646983312
0.8852130207431887,1.0,0.6777920410783055
0.8862643786646278,1.0,0.6784338896020539
0.8864282848679146,1.0,0.6790757381258024
0.8876894820756105,1.0,0.6797175866495507
0.8887509167873491,1.0,0.6803594351732991
0.8890641135686499,1.0,0.6810012836970475
0.8904687930879389,1.0,0.6816431322207959
0.8905152343964506,1.0,0.6822849807445442
0.8907343518913992,1.0,0.6829268292682927
0.8920028769949061,1.0,0.6835686777920411
0.8931516201835832,1.0,0.6842105263157895
0.8936222222449034,1.0,0.6848523748395379
0.8939768719080309,1.0,0.6854942233632862
0.895639227113978,1.0,0.6861360718870346
0.8958711325173434,1.0,0.686777920410783
0.8960406937380623,1.0,0.6874197689345315
0.8964639155810291,1.0,0.6887034659820283
0.8964639155810293,1.0,0.6893453145057766
0.8983138013613031,1.0,0.689987163029525
0.8985981059367273,1.0,0.6925545571245186
0.8987667956429437,1.0,0.693196405648267
0.899302600333893,1.0,0.6938382541720154
0.9,1.0,0.6944801026957638
0.9000190348219926,1.0,0.6951219512195121
0.9017451348774632,1.0,0.6976893453145058
0.9038800547263532,1.0,0.6983311938382541
0.9054635608500498,1.0,0.6989730423620025
0.9056390622295664,1.0,0.699614890885751
0.9061060143009411,1.0,0.7002567394094994
0.906342032053978,1.0,0.7008985879332478
0.907962707446767,1.0,0.7015404364569962
0.909676724343155,1.0,0.7021822849807445
0.9097589881390796,1.0,0.7053915275994865
0.9098579861712075,1.0,0.7073170731707317
0.910012586720091,1.0,0.70795892169448
0.9114051980770076,1.0,0.7086007702182285
0.9114542953078367,1.0,0.7092426187419769
0.911873844332263,1.0,0.7098844672657253
0.9122984997524367,1.0,0.7105263157894737
0.9136879431433369,1.0,0.711168164313222
0.9140269930177801,1.0,0.7130937098844673
0.9146803530347066,1.0,0.7137355584082157
0.9151338481587171,1.0,0.714377406931964
0.9155888365534791,1.0,0.7150192554557124
0.9156857322656434,1.0,0.7156611039794608
0.9160967990466168,1.0,0.7163029525032092
0.9164481942544116,1.0,0.7169448010269577
0.917576609489639,1.0,0.7175866495507061
0.9181209457312193,1.0,0.7207958921694481
0.9184062257332545,1.0,0.7214377406931964
0.9188721875540867,1.0,0.7227214377406932
0.9219973094021974,1.0,0.7233632862644416
0.9224766136521222,1.0,0.72400513478819
0.9240332939642087,1.0,0.7246469833119383
0.9241227863005804,1.0,0.7252888318356868
0.9247991567825663,1.0,0.7284980744544287
0.9270489640267681,1.0,0.7291399229781772
0.9280732859527808,1.0,0.7297817715019256
0.9289002941955888,1.0,0.730423620025674
0.9306463861103808,1.0,0.7317073170731707
0.9318916862388802,1.0,0.7323491655969191
0.9323934896284056,1.0,0.7329910141206675
0.9325728753850925,1.0,0.733632862644416
0.9336550112908834,1.0,0.7342747111681643
0.9349977578351646,1.0,0.7349165596919127
0.9378783493486175,1.0,0.7406931964056482
0.9408327221417672,1.0,0.7426187419768935
0.9410793787796573,1.0,0.7432605905006419
0.9424762576378293,1.0,0.7439024390243902
0.9442837924301412,1.0,0.7445442875481386
0.9475339248032068,1.0,0.745186136071887
0.9482319577905146,1.0,0.7471116816431322
0.9484337075080456,1.0,0.7477535301668806
0.9496513001669465,1.0,0.7490372272143774
0.9503661481462128,1.0,0.7496790757381258
0.9506939351181393,1.0,0.7503209242618742
0.951787077031478,1.0,0.7509627727856226
0.9528043486130531,1.0,0.751604621309371
0.9528195311147831,1.0,0.7567394094993581
0.9549924110791107,1.0,0.7593068035943518
0.9556480969358386,1.0,0.7599486521181001
0.9568571932283719,1.0,0.7605905006418485
0.9575341253289417,1.0,0.7637997432605905
0.9575669240793586,1.0,0.7644415917843389
0.9590604728656097,1.0,0.7650834403080873
0.9613677083590889,1.0,0.7657252888318357
0.9662864376925463,1.0,0.766367137355584
0.9666666666666667,1.0,0.7670089858793325
0.9672037202123397,1.0,0.7676508344030809
0.969040882885098,1.0,0.7682926829268293
0.9696570825373391,1.0,0.769576379974326
0.9720037498099671,1.0,0.7702182284980744
0.976053482804723,1.0,0.7708600770218228
0.9761904761904763,1.0,0.7715019255455713
0.9777501867861242,1.0,0.772785622593068
0.9999999999999999,1.0,0.7734274711168164
1.0,1.0,1.0
inf,1.0,1.0
